filename,label,label_source
IMG_20260910_152716224.jpg,Healthy,provisional_visual_label
IMG_20260910_152722382.jpg,Yellowing_Discoloration,provisional_visual_label
IMG_20260910_152732087.jpg,Healthy,provisional_visual_label
IMG_20260910_152741348.jpg,Healthy,provisional_visual_label
IMG_20260910_152749051.jpg,Leaf_Spot_Browning,provisional_visual_label
IMG_20260910_152754749.jpg,Healthy,provisional_visual_label
IMG_20260910_152759038.jpg,Healthy,provisional_visual_label
IMG_20260910_152807638.jpg,Healthy,provisional_visual_label
IMG_20260910_152813919.jpg,Healthy,provisional_visual_label
IMG_20260910_152822156.jpg,Healthy,provisional_visual_label
IMG_20260910_152829397.jpg,Healthy,provisional_visual_label
IMG_20260910_152902845.jpg,Leaf_Spot_Browning,provisional_visual_label
IMG_20260910_152907050.jpg,Healthy,provisional_visual_label
IMG_20260910_152910715.jpg,Healthy,provisional_visual_label
IMG_20260910_152917010.jpg,Healthy,provisional_visual_label
IMG_20260910_152949777.jpg,Healthy,provisional_visual_label
IMG_20260910_152957116.jpg,Healthy,provisional_visual_label
IMG_20260910_153000884.jpg,Yellowing_Discoloration,provisional_visual_label
IMG_20260910_153005161.jpg,Leaf_Spot_Browning,provisional_visual_label
IMG_20260910_153015829.jpg,Healthy,provisional_visual_label
IMG_20260910_153029502.jpg,Yellowing_Discoloration,provisional_visual_label
IMG_20260910_153048424.jpg,Dry_Severe_Damage,provisional_visual_label
IMG_20260910_153058212.jpg,Healthy,provisional_visual_label
IMG_20260910_153100821.jpg,Healthy,provisional_visual_label
IMG_20260910_153109273.jpg,Dry_Severe_Damage,provisional_visual_label
IMG_20260910_153112850.jpg,Dry_Severe_Damage,provisional_visual_label
IMG_20260910_153128856.jpg,Dry_Severe_Damage,provisional_visual_label
IMG_20260910_153147433.jpg,Dry_Severe_Damage,provisional_visual_label
IMG_20260910_153202760.jpg,Yellowing_Discoloration,provisional_visual_label
IMG_20260910_153251558.jpg,Healthy,provisional_visual_label
IMG_20260910_153435173.jpg,Healthy,provisional_visual_label
IMG_20260927_121006137.jpg,Leaf_Spot_Browning,provisional_visual_label
IMG_20260927_121014051.jpg,Yellowing_Discoloration,provisional_visual_label
IMG_20260927_121025710.jpg,Leaf_Spot_Browning,provisional_visual_label
IMG_20260927_121039900.jpg,Yellowing_Discoloration,provisional_visual_label
IMG_20260927_121047418.jpg,Yellowing_Discoloration,provisional_visual_label
IMG_20260927_121051951.jpg,Leaf_Spot_Browning,provisional_visual_label
IMG_20260927_121103884.jpg,Yellowing_Discoloration,provisional_visual_label
IMG_20260927_121110924.jpg,Healthy,provisional_visual_label
IMG_20260927_121126121.jpg,Yellowing_Discoloration,provisional_visual_label
IMG_20260927_121132982.jpg,Leaf_Spot_Browning,provisional_visual_label
IMG_20260927_121138086.jpg,Healthy,provisional_visual_label
IMG_20260927_121152439.jpg,Healthy,provisional_visual_label
IMG_20260927_121203567.jpg,Dry_Severe_Damage,provisional_visual_label
IMG_20260927_121207600.jpg,Yellowing_Discoloration,provisional_visual_label
IMG_20260927_121218263.jpg,Leaf_Spot_Browning,provisional_visual_label
IMG_20260927_121230159.jpg,Leaf_Spot_Browning,provisional_visual_label
IMG_20260927_121238015.jpg,Healthy,provisional_visual_label
IMG_20260927_121245119.jpg,Insect_Physical_Damage,provisional_visual_label
IMG_20260927_121252065.jpg,Healthy,provisional_visual_label
IMG_20260927_121257458.jpg,Healthy,provisional_visual_label
IMG_20260927_121311567.jpg,Insect_Physical_Damage,provisional_visual_label
IMG_20260927_121318483.jpg,Healthy,provisional_visual_label
IMG_20260927_121326995.jpg,Healthy,provisional_visual_label
IMG_20260927_121354540.jpg,Insect_Physical_Damage,provisional_visual_label
IMG_20260927_121400148.jpg,Leaf_Spot_Browning,provisional_visual_label
IMG_20260927_121405844.jpg,Leaf_Spot_Browning,provisional_visual_label
IMG_20260927_121440992.jpg,Leaf_Spot_Browning,provisional_visual_label
IMG_20260927_121446567.jpg,Healthy,provisional_visual_label
IMG_20260927_121458245.jpg,Leaf_Spot_Browning,provisional_visual_label
IMG_20260927_121501118.jpg,Healthy,provisional_visual_label
IMG_20260927_121507419.jpg,Insect_Physical_Damage,provisional_visual_label
IMG_20260927_121509573.jpg,Healthy,provisional_visual_label
IMG_20260927_121521677.jpg,Healthy,provisional_visual_label
